
CREATE TABLE `_chara` (
  `chara` varchar(16) NOT NULL,
  `name` varchar(128) DEFAULT NULL,
  `gender` varchar(10) DEFAULT NULL,
  PRIMARY KEY (`chara`)
) ENGINE=InnoDB DEFAULT CHARSET=utf8;

INSERT INTO `_chara` VALUES
('alois','アロイス','m'),
('anna','アンナ','f'),
('annette','アネット','f'),
('ashe','アッシュ','m'),
('bernadetta','ベルナデッタ','f'),
('byleth','ベレス',' '),
('caspar','カスパル','m'),
('catherine','カトリーヌ','f'),
('claude','クロード','m'),
('cyril','チリル','m'),
('dedue','ドゥドゥー','m'),
('dimitri','ディミトリ','m'),
('dorothea','ドロテア','f'),
('edelgard','エーデルガルト','f'),
('felix','フェリクス','m'),
('ferdinand','フェルディナント','m'),
('flayn','フレン','f'),
('gilbert','ギルベルト','m'),
('hanneman','ハンネマン','m'),
('hilda','ヒルダ','f'),
('hubert','ヒューベルト','m'),
('ignatz','イグナーツ','m'),
('ingrid','イングリット','f'),
('jeralt','ジェラルト','m'),
('leonie','レオニー','f'),
('linhardt','リンハルト','m'),
('lorenz','ローレンツ','m'),
('lysithea','リシテア','f'),
('manuela','マヌエラ','f'),
('marianne','マリアンヌ','f'),
('mercedes','メルセデス','f'),
('petra','ペトラ','f'),
('raphael','ラファエル','m'),
('rhea','レア','f'),
('seteth','セテス','m'),
('shamir','シャミア','f'),
('sothis','ソティス','f'),
('sylvain','シルヴァン','m')
;

CREATE TABLE `_meal` (
  `odr` int(11) NOT NULL,
  `meal` varchar(32) NOT NULL,
  `name_e` varchar(128) DEFAULT NULL,
  `name` varchar(128) DEFAULT NULL,
  PRIMARY KEY (`meal`)
) ENGINE=InnoDB DEFAULT CHARSET=utf8;

INSERT INTO `_meal` VALUES
(17,'bounty-fisherman','fisherman’s bounty','豪快漁師飯'),
(20,'bourgeois-pike','bourgeois pike','パイクの贅沢グリル'),
(2,'bun-trio','sweet bun trio','ブルゼン'),
(24,'dango-fish','super-spicy fish dango','激辛魚団子'),
(32,'fried-crayfish','fried crayfish','ザリガニのフライ'),
(9,'fried-pheasant','derdriu-style fried pheasant','キジの揚げ焼きデアドラ風'),
(29,'gratin-cheese','gautier cheese gratin','ゴーティエチーズグラタン'),
(14,'grilled-herring','grilled herring','ニシンの土鍋焼き'),
(10,'pasta-vegetable','vegetable pasta salad','野菜たっぷりサラダパスタ'),
(4,'peach-sorbet','peach sorbet','桃のシャーベット'),
(28,'pickled-seafood','pickled seafood and vegetables','魚介と野菜の酢漬け'),
(26,'pie-meet-garregmach','garreg mach meat pie','ガルグ＝マク風ミートパイ'),
(12,'plate-turnip','country-style red turnip plate','赤カブ尽くしの田舎風料理'),
(3,'roast-pheasant','pheasant roast with berry sauce','ベリー風味のキジロースト'),
(1,'saghert-cream','saghert and cream','サガルトのクリーム添え'),
(18,'sandwich-fish','fish sandwich','フィッシュサンド'),
(19,'saute-fish-2','two-fish saute','2種の魚のバター焼き'),
(23,'saute-fish-white','sweet and salty whitefish saute','白身魚の甘辛炒め'),
(21,'saute-jerky-garregmach','sauteed jerky','ガルグ＝マク風干し肉炒め'),
(25,'saute-pheasant-egg','sauteed pheasant and eggs','山鳥の親子焼き'),
(31,'skewers-fish','small fish skewers','雑魚の串焼き'),
(8,'skewers-meet','gronder meat skewers','熟成肉の串焼き'),
(6,'skewers-rabbit','pickled rabbit skewers','バクス漬けウサギの串焼き'),
(15,'soup-fish-bean','fish and bean soup','魚と豆のスープ'),
(11,'soup-gratin-onion','onion gratin soup','タマネギのグラタンスープ'),
(30,'stew-cabbage','cabbage and herring stew','キャベツの丸煮込み'),
(7,'stew-daphnel','daphnel stew','ダフネルシチュー'),
(22,'stew-turnip','spicy fish and turnip stew','魚とカブの辛味煮込み'),
(27,'stew-verona','cheesy verona stew','煮込みヴェローナを添えて'),
(13,'stir-fry','vegetable stir-fry','満腹野菜炒め'),
(16,'tart-herring','fruit and herring tart','ニシンと木の実のタルト'),
(5,'teppanyaki','beast meat teppanyaki','獣肉の鉄板焼き')
;

CREATE TABLE `meal` (
  `meal` varchar(32) NOT NULL,
  `chara` varchar(16) NOT NULL,
  `fav` varchar(8) DEFAULT NULL,
  PRIMARY KEY (`meal`,`chara`)
) ENGINE=InnoDB DEFAULT CHARSET=utf8;

INSERT INTO `meal` VALUES
('bounty-fisherman','alois','f'),
('bounty-fisherman','anna',' '),
('bounty-fisherman','annette',' '),
('bounty-fisherman','ashe',' '),
('bounty-fisherman','bernadetta',' '),
('bounty-fisherman','byleth',' '),
('bounty-fisherman','caspar',' '),
('bounty-fisherman','catherine','f'),
('bounty-fisherman','claude',' '),
('bounty-fisherman','cyril',' '),
('bounty-fisherman','dedue','f'),
('bounty-fisherman','dimitri',' '),
('bounty-fisherman','dorothea','b'),
('bounty-fisherman','edelgard',' '),
('bounty-fisherman','felix',' '),
('bounty-fisherman','ferdinand','f'),
('bounty-fisherman','flayn','f'),
('bounty-fisherman','gilbert','f'),
('bounty-fisherman','hanneman','b'),
('bounty-fisherman','hilda','f'),
('bounty-fisherman','hubert','b'),
('bounty-fisherman','ignatz','f'),
('bounty-fisherman','ingrid','f'),
('bounty-fisherman','jeralt',' '),
('bounty-fisherman','leonie','f'),
('bounty-fisherman','linhardt','b'),
('bounty-fisherman','lorenz','b'),
('bounty-fisherman','lysithea',' '),
('bounty-fisherman','manuela','f'),
('bounty-fisherman','marianne','f'),
('bounty-fisherman','mercedes',' '),
('bounty-fisherman','petra','f'),
('bounty-fisherman','raphael','f'),
('bounty-fisherman','rhea',' '),
('bounty-fisherman','seteth',' '),
('bounty-fisherman','shamir',' '),
('bounty-fisherman','sothis',' '),
('bounty-fisherman','sylvain','b'),
('bourgeois-pike','alois','f'),
('bourgeois-pike','anna','f'),
('bourgeois-pike','annette',' '),
('bourgeois-pike','ashe',' '),
('bourgeois-pike','bernadetta','f'),
('bourgeois-pike','byleth',' '),
('bourgeois-pike','caspar','b'),
('bourgeois-pike','catherine','f'),
('bourgeois-pike','claude','f'),
('bourgeois-pike','cyril',' '),
('bourgeois-pike','dedue','f'),
('bourgeois-pike','dimitri',' '),
('bourgeois-pike','dorothea',' '),
('bourgeois-pike','edelgard',' '),
('bourgeois-pike','felix',' '),
('bourgeois-pike','ferdinand','f'),
('bourgeois-pike','flayn','f'),
('bourgeois-pike','gilbert',' '),
('bourgeois-pike','hanneman','f'),
('bourgeois-pike','hilda',' '),
('bourgeois-pike','hubert',' '),
('bourgeois-pike','ignatz','f'),
('bourgeois-pike','ingrid',' '),
('bourgeois-pike','jeralt',' '),
('bourgeois-pike','leonie','f'),
('bourgeois-pike','linhardt',' '),
('bourgeois-pike','lorenz','f'),
('bourgeois-pike','lysithea','b'),
('bourgeois-pike','manuela','f'),
('bourgeois-pike','marianne','f'),
('bourgeois-pike','mercedes',' '),
('bourgeois-pike','petra',' '),
('bourgeois-pike','raphael',' '),
('bourgeois-pike','rhea',' '),
('bourgeois-pike','seteth','f'),
('bourgeois-pike','shamir','b'),
('bourgeois-pike','sothis',' '),
('bourgeois-pike','sylvain',' '),
('bun-trio','alois','f'),
('bun-trio','anna',' '),
('bun-trio','annette','f'),
('bun-trio','ashe','f'),
('bun-trio','bernadetta','f'),
('bun-trio','byleth',' '),
('bun-trio','caspar','f'),
('bun-trio','catherine',' '),
('bun-trio','claude','b'),
('bun-trio','cyril',' '),
('bun-trio','dedue',' '),
('bun-trio','dimitri','f'),
('bun-trio','dorothea',' '),
('bun-trio','edelgard','f'),
('bun-trio','felix','b'),
('bun-trio','ferdinand','f'),
('bun-trio','flayn','f'),
('bun-trio','gilbert',' '),
('bun-trio','hanneman',' '),
('bun-trio','hilda','f'),
('bun-trio','hubert','b'),
('bun-trio','ignatz','f'),
('bun-trio','ingrid','f'),
('bun-trio','jeralt',' '),
('bun-trio','leonie','b'),
('bun-trio','linhardt','f'),
('bun-trio','lorenz',' '),
('bun-trio','lysithea','f'),
('bun-trio','manuela','b'),
('bun-trio','marianne','f'),
('bun-trio','mercedes','f'),
('bun-trio','petra','b'),
('bun-trio','raphael',' '),
('bun-trio','rhea',' '),
('bun-trio','seteth',' '),
('bun-trio','shamir','b'),
('bun-trio','sothis',' '),
('bun-trio','sylvain','f'),
('dango-fish','alois','b'),
('dango-fish','anna',' '),
('dango-fish','annette',' '),
('dango-fish','ashe',' '),
('dango-fish','bernadetta','b'),
('dango-fish','byleth',' '),
('dango-fish','caspar','b'),
('dango-fish','catherine','f'),
('dango-fish','claude',' '),
('dango-fish','cyril',' '),
('dango-fish','dedue','f'),
('dango-fish','dimitri',' '),
('dango-fish','dorothea',' '),
('dango-fish','edelgard',' '),
('dango-fish','felix','f'),
('dango-fish','ferdinand',' '),
('dango-fish','flayn','b'),
('dango-fish','gilbert','f'),
('dango-fish','hanneman','f'),
('dango-fish','hilda',' '),
('dango-fish','hubert','f'),
('dango-fish','ignatz','f'),
('dango-fish','ingrid','f'),
('dango-fish','jeralt',' '),
('dango-fish','leonie','f'),
('dango-fish','linhardt',' '),
('dango-fish','lorenz',' '),
('dango-fish','lysithea','b'),
('dango-fish','manuela','f'),
('dango-fish','marianne','f'),
('dango-fish','mercedes','b'),
('dango-fish','petra','f'),
('dango-fish','raphael',' '),
('dango-fish','rhea',' '),
('dango-fish','seteth','f'),
('dango-fish','shamir','f'),
('dango-fish','sothis',' '),
('dango-fish','sylvain','f'),
('fried-crayfish','alois',' '),
('fried-crayfish','anna','f'),
('fried-crayfish','annette',' '),
('fried-crayfish','ashe','b'),
('fried-crayfish','bernadetta',' '),
('fried-crayfish','byleth',' '),
('fried-crayfish','caspar','b'),
('fried-crayfish','catherine','b'),
('fried-crayfish','claude','b'),
('fried-crayfish','cyril','b'),
('fried-crayfish','dedue',' '),
('fried-crayfish','dimitri',' '),
('fried-crayfish','dorothea','b'),
('fried-crayfish','edelgard',' '),
('fried-crayfish','felix','b'),
('fried-crayfish','ferdinand',' '),
('fried-crayfish','flayn',' '),
('fried-crayfish','gilbert','b'),
('fried-crayfish','hanneman',' '),
('fried-crayfish','hilda',' '),
('fried-crayfish','hubert','b'),
('fried-crayfish','ignatz',' '),
('fried-crayfish','ingrid',' '),
('fried-crayfish','jeralt',' '),
('fried-crayfish','leonie',' '),
('fried-crayfish','linhardt','b'),
('fried-crayfish','lorenz',' '),
('fried-crayfish','lysithea','b'),
('fried-crayfish','manuela','b'),
('fried-crayfish','marianne',' '),
('fried-crayfish','mercedes',' '),
('fried-crayfish','petra','b'),
('fried-crayfish','raphael','b'),
('fried-crayfish','rhea',' '),
('fried-crayfish','seteth','b'),
('fried-crayfish','shamir','b'),
('fried-crayfish','sothis',' '),
('fried-crayfish','sylvain','b'),
('fried-pheasant','alois',' '),
('fried-pheasant','anna','f'),
('fried-pheasant','annette',' '),
('fried-pheasant','ashe','b'),
('fried-pheasant','bernadetta','f'),
('fried-pheasant','byleth',' '),
('fried-pheasant','caspar','f'),
('fried-pheasant','catherine','f'),
('fried-pheasant','claude','f'),
('fried-pheasant','cyril','f'),
('fried-pheasant','dedue',' '),
('fried-pheasant','dimitri',' '),
('fried-pheasant','dorothea',' '),
('fried-pheasant','edelgard',' '),
('fried-pheasant','felix','f'),
('fried-pheasant','ferdinand',' '),
('fried-pheasant','flayn',' '),
('fried-pheasant','gilbert','f'),
('fried-pheasant','hanneman','f'),
('fried-pheasant','hilda','f'),
('fried-pheasant','hubert','b'),
('fried-pheasant','ignatz',' '),
('fried-pheasant','ingrid','f'),
('fried-pheasant','jeralt',' '),
('fried-pheasant','leonie','f'),
('fried-pheasant','linhardt',' '),
('fried-pheasant','lorenz',' '),
('fried-pheasant','lysithea','f'),
('fried-pheasant','manuela','f'),
('fried-pheasant','marianne',' '),
('fried-pheasant','mercedes',' '),
('fried-pheasant','petra','b'),
('fried-pheasant','raphael','f'),
('fried-pheasant','rhea',' '),
('fried-pheasant','seteth','f'),
('fried-pheasant','shamir','b'),
('fried-pheasant','sothis',' '),
('fried-pheasant','sylvain',' '),
('gratin-cheese','alois',' '),
('gratin-cheese','anna','b'),
('gratin-cheese','annette','b'),
('gratin-cheese','ashe','b'),
('gratin-cheese','bernadetta',' '),
('gratin-cheese','byleth',' '),
('gratin-cheese','caspar','b'),
('gratin-cheese','catherine','f'),
('gratin-cheese','claude','f'),
('gratin-cheese','cyril',' '),
('gratin-cheese','dedue','b'),
('gratin-cheese','dimitri','f'),
('gratin-cheese','dorothea','f'),
('gratin-cheese','edelgard','b'),
('gratin-cheese','felix','f'),
('gratin-cheese','ferdinand','b'),
('gratin-cheese','flayn','b'),
('gratin-cheese','gilbert',' '),
('gratin-cheese','hanneman','f'),
('gratin-cheese','hilda','f'),
('gratin-cheese','hubert','f'),
('gratin-cheese','ignatz','b'),
('gratin-cheese','ingrid',' '),
('gratin-cheese','jeralt',' '),
('gratin-cheese','leonie',' '),
('gratin-cheese','linhardt','f'),
('gratin-cheese','lorenz',' '),
('gratin-cheese','lysithea',' '),
('gratin-cheese','manuela','b'),
('gratin-cheese','marianne','b'),
('gratin-cheese','mercedes','b'),
('gratin-cheese','petra','b'),
('gratin-cheese','raphael','f'),
('gratin-cheese','rhea',' '),
('gratin-cheese','seteth',' '),
('gratin-cheese','shamir','b'),
('gratin-cheese','sothis',' '),
('gratin-cheese','sylvain',' '),
('grilled-herring','alois','f'),
('grilled-herring','anna','b'),
('grilled-herring','annette','f'),
('grilled-herring','ashe',' '),
('grilled-herring','bernadetta',' '),
('grilled-herring','byleth',' '),
('grilled-herring','caspar','b'),
('grilled-herring','catherine','f'),
('grilled-herring','claude',' '),
('grilled-herring','cyril',' '),
('grilled-herring','dedue','f'),
('grilled-herring','dimitri',' '),
('grilled-herring','dorothea','b'),
('grilled-herring','edelgard',' '),
('grilled-herring','felix',' '),
('grilled-herring','ferdinand','f'),
('grilled-herring','flayn','f'),
('grilled-herring','gilbert','f'),
('grilled-herring','hanneman',' '),
('grilled-herring','hilda',' '),
('grilled-herring','hubert','b'),
('grilled-herring','ignatz',' '),
('grilled-herring','ingrid','f'),
('grilled-herring','jeralt',' '),
('grilled-herring','leonie','f'),
('grilled-herring','linhardt','b'),
('grilled-herring','lorenz',' '),
('grilled-herring','lysithea','b'),
('grilled-herring','manuela',' '),
('grilled-herring','marianne',' '),
('grilled-herring','mercedes','f'),
('grilled-herring','petra','f'),
('grilled-herring','raphael',' '),
('grilled-herring','rhea',' '),
('grilled-herring','seteth','f'),
('grilled-herring','shamir','b'),
('grilled-herring','sothis',' '),
('grilled-herring','sylvain',' '),
('pasta-vegetable','alois',' '),
('pasta-vegetable','anna','f'),
('pasta-vegetable','annette','f'),
('pasta-vegetable','ashe','f'),
('pasta-vegetable','bernadetta','f'),
('pasta-vegetable','byleth',' '),
('pasta-vegetable','caspar','f'),
('pasta-vegetable','catherine',' '),
('pasta-vegetable','claude',' '),
('pasta-vegetable','cyril','f'),
('pasta-vegetable','dedue',' '),
('pasta-vegetable','dimitri',' '),
('pasta-vegetable','dorothea','f'),
('pasta-vegetable','edelgard','f'),
('pasta-vegetable','felix','b'),
('pasta-vegetable','ferdinand','f'),
('pasta-vegetable','flayn',' '),
('pasta-vegetable','gilbert','f'),
('pasta-vegetable','hanneman','f'),
('pasta-vegetable','hilda',' '),
('pasta-vegetable','hubert','b'),
('pasta-vegetable','ignatz','f'),
('pasta-vegetable','ingrid','f'),
('pasta-vegetable','jeralt',' '),
('pasta-vegetable','leonie',' '),
('pasta-vegetable','linhardt',' '),
('pasta-vegetable','lorenz',' '),
('pasta-vegetable','lysithea','b'),
('pasta-vegetable','manuela',' '),
('pasta-vegetable','marianne','f'),
('pasta-vegetable','mercedes','f'),
('pasta-vegetable','petra',' '),
('pasta-vegetable','raphael','b'),
('pasta-vegetable','rhea',' '),
('pasta-vegetable','seteth','f'),
('pasta-vegetable','shamir','f'),
('pasta-vegetable','sothis',' '),
('pasta-vegetable','sylvain',' '),
('peach-sorbet','alois','f'),
('peach-sorbet','anna','f'),
('peach-sorbet','annette','f'),
('peach-sorbet','ashe','f'),
('peach-sorbet','bernadetta','f'),
('peach-sorbet','byleth',' '),
('peach-sorbet','caspar',' '),
('peach-sorbet','catherine','b'),
('peach-sorbet','claude',' '),
('peach-sorbet','cyril',' '),
('peach-sorbet','dedue',' '),
('peach-sorbet','dimitri','b'),
('peach-sorbet','dorothea','f'),
('peach-sorbet','edelgard','f'),
('peach-sorbet','felix','b'),
('peach-sorbet','ferdinand',' '),
('peach-sorbet','flayn','f'),
('peach-sorbet','gilbert','b'),
('peach-sorbet','hanneman','f'),
('peach-sorbet','hilda','f'),
('peach-sorbet','hubert','b'),
('peach-sorbet','ignatz',' '),
('peach-sorbet','ingrid',' '),
('peach-sorbet','jeralt',' '),
('peach-sorbet','leonie','b'),
('peach-sorbet','linhardt','f'),
('peach-sorbet','lorenz',' '),
('peach-sorbet','lysithea','f'),
('peach-sorbet','manuela','b'),
('peach-sorbet','marianne','f'),
('peach-sorbet','mercedes','f'),
('peach-sorbet','petra','b'),
('peach-sorbet','raphael',' '),
('peach-sorbet','rhea',' '),
('peach-sorbet','seteth','b'),
('peach-sorbet','shamir','f'),
('peach-sorbet','sothis',' '),
('peach-sorbet','sylvain',' '),
('pickled-seafood','alois','f'),
('pickled-seafood','anna','f'),
('pickled-seafood','annette','f'),
('pickled-seafood','ashe',' '),
('pickled-seafood','bernadetta',' '),
('pickled-seafood','byleth',' '),
('pickled-seafood','caspar','b'),
('pickled-seafood','catherine','f'),
('pickled-seafood','claude',' '),
('pickled-seafood','cyril','b'),
('pickled-seafood','dedue','f'),
('pickled-seafood','dimitri',' '),
('pickled-seafood','dorothea',' '),
('pickled-seafood','edelgard',' '),
('pickled-seafood','felix',' '),
('pickled-seafood','ferdinand','b'),
('pickled-seafood','flayn','f'),
('pickled-seafood','gilbert','f'),
('pickled-seafood','hanneman','f'),
('pickled-seafood','hilda','b'),
('pickled-seafood','hubert','f'),
('pickled-seafood','ignatz','b'),
('pickled-seafood','ingrid','b'),
('pickled-seafood','jeralt',' '),
('pickled-seafood','leonie','f'),
('pickled-seafood','linhardt',' '),
('pickled-seafood','lorenz',' '),
('pickled-seafood','lysithea','b'),
('pickled-seafood','manuela','b'),
('pickled-seafood','marianne',' '),
('pickled-seafood','mercedes',' '),
('pickled-seafood','petra','f'),
('pickled-seafood','raphael','f'),
('pickled-seafood','rhea',' '),
('pickled-seafood','seteth','f'),
('pickled-seafood','shamir',' '),
('pickled-seafood','sothis',' '),
('pickled-seafood','sylvain',' '),
('pie-meet-garregmach','alois',' '),
('pie-meet-garregmach','anna',' '),
('pie-meet-garregmach','annette',' '),
('pie-meet-garregmach','ashe',' '),
('pie-meet-garregmach','bernadetta',' '),
('pie-meet-garregmach','byleth',' '),
('pie-meet-garregmach','caspar','f'),
('pie-meet-garregmach','catherine','f'),
('pie-meet-garregmach','claude','f'),
('pie-meet-garregmach','cyril',' '),
('pie-meet-garregmach','dedue','b'),
('pie-meet-garregmach','dimitri',' '),
('pie-meet-garregmach','dorothea','f'),
('pie-meet-garregmach','edelgard','b'),
('pie-meet-garregmach','felix','f'),
('pie-meet-garregmach','ferdinand','b'),
('pie-meet-garregmach','flayn','b'),
('pie-meet-garregmach','gilbert','f'),
('pie-meet-garregmach','hanneman','f'),
('pie-meet-garregmach','hilda','b'),
('pie-meet-garregmach','hubert','f'),
('pie-meet-garregmach','ignatz','f'),
('pie-meet-garregmach','ingrid',' '),
('pie-meet-garregmach','jeralt',' '),
('pie-meet-garregmach','leonie',' '),
('pie-meet-garregmach','linhardt','f'),
('pie-meet-garregmach','lorenz','f'),
('pie-meet-garregmach','lysithea','b'),
('pie-meet-garregmach','manuela','f'),
('pie-meet-garregmach','marianne',' '),
('pie-meet-garregmach','mercedes','b'),
('pie-meet-garregmach','petra','b'),
('pie-meet-garregmach','raphael','f'),
('pie-meet-garregmach','rhea',' '),
('pie-meet-garregmach','seteth',' '),
('pie-meet-garregmach','shamir','b'),
('pie-meet-garregmach','sothis',' '),
('pie-meet-garregmach','sylvain','f'),
('plate-turnip','alois',' '),
('plate-turnip','anna','b'),
('plate-turnip','annette',' '),
('plate-turnip','ashe',' '),
('plate-turnip','bernadetta','f'),
('plate-turnip','byleth',' '),
('plate-turnip','caspar','f'),
('plate-turnip','catherine','f'),
('plate-turnip','claude','f'),
('plate-turnip','cyril',' '),
('plate-turnip','dedue',' '),
('plate-turnip','dimitri',' '),
('plate-turnip','dorothea','f'),
('plate-turnip','edelgard',' '),
('plate-turnip','felix','b'),
('plate-turnip','ferdinand',' '),
('plate-turnip','flayn','f'),
('plate-turnip','gilbert','f'),
('plate-turnip','hanneman',' '),
('plate-turnip','hilda','f'),
('plate-turnip','hubert',' '),
('plate-turnip','ignatz',' '),
('plate-turnip','ingrid',' '),
('plate-turnip','jeralt',' '),
('plate-turnip','leonie',' '),
('plate-turnip','linhardt',' '),
('plate-turnip','lorenz',' '),
('plate-turnip','lysithea','b'),
('plate-turnip','manuela','b'),
('plate-turnip','marianne',' '),
('plate-turnip','mercedes',' '),
('plate-turnip','petra','f'),
('plate-turnip','raphael','f'),
('plate-turnip','rhea',' '),
('plate-turnip','seteth',' '),
('plate-turnip','shamir','f'),
('plate-turnip','sothis',' '),
('plate-turnip','sylvain',' '),
('roast-pheasant','alois','f'),
('roast-pheasant','anna','f'),
('roast-pheasant','annette','f'),
('roast-pheasant','ashe','f'),
('roast-pheasant','bernadetta',' '),
('roast-pheasant','byleth',' '),
('roast-pheasant','caspar',' '),
('roast-pheasant','catherine','b'),
('roast-pheasant','claude',' '),
('roast-pheasant','cyril',' '),
('roast-pheasant','dedue',' '),
('roast-pheasant','dimitri',' '),
('roast-pheasant','dorothea',' '),
('roast-pheasant','edelgard',' '),
('roast-pheasant','felix',' '),
('roast-pheasant','ferdinand','f'),
('roast-pheasant','flayn','f'),
('roast-pheasant','gilbert',' '),
('roast-pheasant','hanneman','b'),
('roast-pheasant','hilda',' '),
('roast-pheasant','hubert','b'),
('roast-pheasant','ignatz',' '),
('roast-pheasant','ingrid','f'),
('roast-pheasant','jeralt',' '),
('roast-pheasant','leonie',' '),
('roast-pheasant','linhardt','f'),
('roast-pheasant','lorenz',' '),
('roast-pheasant','lysithea','f'),
('roast-pheasant','manuela',' '),
('roast-pheasant','marianne',' '),
('roast-pheasant','mercedes','f'),
('roast-pheasant','petra','b'),
('roast-pheasant','raphael','f'),
('roast-pheasant','rhea',' '),
('roast-pheasant','seteth',' '),
('roast-pheasant','shamir','f'),
('roast-pheasant','sothis',' '),
('roast-pheasant','sylvain','f'),
('saghert-cream','alois','f'),
('saghert-cream','anna',' '),
('saghert-cream','annette','f'),
('saghert-cream','ashe','f'),
('saghert-cream','bernadetta','f'),
('saghert-cream','byleth',' '),
('saghert-cream','caspar',' '),
('saghert-cream','catherine','b'),
('saghert-cream','claude','b'),
('saghert-cream','cyril',' '),
('saghert-cream','dedue',' '),
('saghert-cream','dimitri','f'),
('saghert-cream','dorothea','f'),
('saghert-cream','edelgard','f'),
('saghert-cream','felix','b'),
('saghert-cream','ferdinand','f'),
('saghert-cream','flayn','f'),
('saghert-cream','gilbert','b'),
('saghert-cream','hanneman',' '),
('saghert-cream','hilda','f'),
('saghert-cream','hubert','b'),
('saghert-cream','ignatz','f'),
('saghert-cream','ingrid',' '),
('saghert-cream','jeralt',' '),
('saghert-cream','leonie','b'),
('saghert-cream','linhardt','f'),
('saghert-cream','lorenz','f'),
('saghert-cream','lysithea','f'),
('saghert-cream','manuela','b'),
('saghert-cream','marianne','f'),
('saghert-cream','mercedes','f'),
('saghert-cream','petra','b'),
('saghert-cream','raphael',' '),
('saghert-cream','rhea',' '),
('saghert-cream','seteth','b'),
('saghert-cream','shamir','b'),
('saghert-cream','sothis',' '),
('saghert-cream','sylvain',' '),
('sandwich-fish','alois','f'),
('sandwich-fish','anna','b'),
('sandwich-fish','annette',' '),
('sandwich-fish','ashe','f'),
('sandwich-fish','bernadetta','b'),
('sandwich-fish','byleth',' '),
('sandwich-fish','caspar','b'),
('sandwich-fish','catherine','f'),
('sandwich-fish','claude',' '),
('sandwich-fish','cyril',' '),
('sandwich-fish','dedue','f'),
('sandwich-fish','dimitri',' '),
('sandwich-fish','dorothea','b'),
('sandwich-fish','edelgard','f'),
('sandwich-fish','felix',' '),
('sandwich-fish','ferdinand','f'),
('sandwich-fish','flayn','f'),
('sandwich-fish','gilbert','f'),
('sandwich-fish','hanneman','b'),
('sandwich-fish','hilda',' '),
('sandwich-fish','hubert',' '),
('sandwich-fish','ignatz',' '),
('sandwich-fish','ingrid','f'),
('sandwich-fish','jeralt',' '),
('sandwich-fish','leonie','f'),
('sandwich-fish','linhardt',' '),
('sandwich-fish','lorenz',' '),
('sandwich-fish','lysithea','b'),
('sandwich-fish','manuela','f'),
('sandwich-fish','marianne',' '),
('sandwich-fish','mercedes','b'),
('sandwich-fish','petra','f'),
('sandwich-fish','raphael','f'),
('sandwich-fish','rhea',' '),
('sandwich-fish','seteth','f'),
('sandwich-fish','shamir',' '),
('sandwich-fish','sothis',' '),
('sandwich-fish','sylvain','f'),
('saute-fish-2','alois','f'),
('saute-fish-2','anna',' '),
('saute-fish-2','annette','f'),
('saute-fish-2','ashe',' '),
('saute-fish-2','bernadetta','f'),
('saute-fish-2','byleth',' '),
('saute-fish-2','caspar','b'),
('saute-fish-2','catherine','f'),
('saute-fish-2','claude',' '),
('saute-fish-2','cyril','f'),
('saute-fish-2','dedue','f'),
('saute-fish-2','dimitri',' '),
('saute-fish-2','dorothea',' '),
('saute-fish-2','edelgard',' '),
('saute-fish-2','felix','f'),
('saute-fish-2','ferdinand',' '),
('saute-fish-2','flayn','f'),
('saute-fish-2','gilbert',' '),
('saute-fish-2','hanneman','f'),
('saute-fish-2','hilda','f'),
('saute-fish-2','hubert','f'),
('saute-fish-2','ignatz','f'),
('saute-fish-2','ingrid',' '),
('saute-fish-2','jeralt',' '),
('saute-fish-2','leonie','f'),
('saute-fish-2','linhardt',' '),
('saute-fish-2','lorenz','f'),
('saute-fish-2','lysithea','f'),
('saute-fish-2','manuela','f'),
('saute-fish-2','marianne','f'),
('saute-fish-2','mercedes','f'),
('saute-fish-2','petra','b'),
('saute-fish-2','raphael',' '),
('saute-fish-2','rhea',' '),
('saute-fish-2','seteth',' '),
('saute-fish-2','shamir','b'),
('saute-fish-2','sothis',' '),
('saute-fish-2','sylvain','f'),
('saute-fish-white','alois',' '),
('saute-fish-white','anna','f'),
('saute-fish-white','annette','f'),
('saute-fish-white','ashe','f'),
('saute-fish-white','bernadetta','b'),
('saute-fish-white','byleth',' '),
('saute-fish-white','caspar','b'),
('saute-fish-white','catherine',' '),
('saute-fish-white','claude',' '),
('saute-fish-white','cyril',' '),
('saute-fish-white','dedue','f'),
('saute-fish-white','dimitri',' '),
('saute-fish-white','dorothea','b'),
('saute-fish-white','edelgard',' '),
('saute-fish-white','felix','f'),
('saute-fish-white','ferdinand',' '),
('saute-fish-white','flayn',' '),
('saute-fish-white','gilbert','f'),
('saute-fish-white','hanneman','b'),
('saute-fish-white','hilda',' '),
('saute-fish-white','hubert','f'),
('saute-fish-white','ignatz',' '),
('saute-fish-white','ingrid','f'),
('saute-fish-white','jeralt',' '),
('saute-fish-white','leonie','f'),
('saute-fish-white','linhardt','b'),
('saute-fish-white','lorenz','b'),
('saute-fish-white','lysithea','b'),
('saute-fish-white','manuela','f'),
('saute-fish-white','marianne',' '),
('saute-fish-white','mercedes','b'),
('saute-fish-white','petra','b'),
('saute-fish-white','raphael',' '),
('saute-fish-white','rhea',' '),
('saute-fish-white','seteth','f'),
('saute-fish-white','shamir',' '),
('saute-fish-white','sothis',' '),
('saute-fish-white','sylvain','f'),
('saute-jerky-garregmach','alois','b'),
('saute-jerky-garregmach','anna','f'),
('saute-jerky-garregmach','annette',' '),
('saute-jerky-garregmach','ashe',' '),
('saute-jerky-garregmach','bernadetta','b'),
('saute-jerky-garregmach','byleth',' '),
('saute-jerky-garregmach','caspar','f'),
('saute-jerky-garregmach','catherine',' '),
('saute-jerky-garregmach','claude','f'),
('saute-jerky-garregmach','cyril','f'),
('saute-jerky-garregmach','dedue','f'),
('saute-jerky-garregmach','dimitri','f'),
('saute-jerky-garregmach','dorothea',' '),
('saute-jerky-garregmach','edelgard',' '),
('saute-jerky-garregmach','felix','f'),
('saute-jerky-garregmach','ferdinand',' '),
('saute-jerky-garregmach','flayn','b'),
('saute-jerky-garregmach','gilbert',' '),
('saute-jerky-garregmach','hanneman',' '),
('saute-jerky-garregmach','hilda',' '),
('saute-jerky-garregmach','hubert','f'),
('saute-jerky-garregmach','ignatz',' '),
('saute-jerky-garregmach','ingrid',' '),
('saute-jerky-garregmach','jeralt',' '),
('saute-jerky-garregmach','leonie',' '),
('saute-jerky-garregmach','linhardt','b'),
('saute-jerky-garregmach','lorenz',' '),
('saute-jerky-garregmach','lysithea','b'),
('saute-jerky-garregmach','manuela','f'),
('saute-jerky-garregmach','marianne',' '),
('saute-jerky-garregmach','mercedes','b'),
('saute-jerky-garregmach','petra','f'),
('saute-jerky-garregmach','raphael','f'),
('saute-jerky-garregmach','rhea',' '),
('saute-jerky-garregmach','seteth',' '),
('saute-jerky-garregmach','shamir','f'),
('saute-jerky-garregmach','sothis',' '),
('saute-jerky-garregmach','sylvain',' '),
('saute-pheasant-egg','alois','b'),
('saute-pheasant-egg','anna','f'),
('saute-pheasant-egg','annette',' '),
('saute-pheasant-egg','ashe',' '),
('saute-pheasant-egg','bernadetta','b'),
('saute-pheasant-egg','byleth',' '),
('saute-pheasant-egg','caspar','f'),
('saute-pheasant-egg','catherine',' '),
('saute-pheasant-egg','claude','f'),
('saute-pheasant-egg','cyril','f'),
('saute-pheasant-egg','dedue',' '),
('saute-pheasant-egg','dimitri',' '),
('saute-pheasant-egg','dorothea',' '),
('saute-pheasant-egg','edelgard','f'),
('saute-pheasant-egg','felix','f'),
('saute-pheasant-egg','ferdinand','f'),
('saute-pheasant-egg','flayn','b'),
('saute-pheasant-egg','gilbert','f'),
('saute-pheasant-egg','hanneman',' '),
('saute-pheasant-egg','hilda',' '),
('saute-pheasant-egg','hubert','f'),
('saute-pheasant-egg','ignatz','f'),
('saute-pheasant-egg','ingrid',' '),
('saute-pheasant-egg','jeralt',' '),
('saute-pheasant-egg','leonie',' '),
('saute-pheasant-egg','linhardt','b'),
('saute-pheasant-egg','lorenz','b'),
('saute-pheasant-egg','lysithea','b'),
('saute-pheasant-egg','manuela','f'),
('saute-pheasant-egg','marianne','f'),
('saute-pheasant-egg','mercedes','b'),
('saute-pheasant-egg','petra',' '),
('saute-pheasant-egg','raphael','f'),
('saute-pheasant-egg','rhea',' '),
('saute-pheasant-egg','seteth','f'),
('saute-pheasant-egg','shamir','f'),
('saute-pheasant-egg','sothis',' '),
('saute-pheasant-egg','sylvain','f'),
('skewers-fish','alois',' '),
('skewers-fish','anna',' '),
('skewers-fish','annette',' '),
('skewers-fish','ashe',' '),
('skewers-fish','bernadetta',' '),
('skewers-fish','byleth',' '),
('skewers-fish','caspar','b'),
('skewers-fish','catherine',' '),
('skewers-fish','claude',' '),
('skewers-fish','cyril','b'),
('skewers-fish','dedue',' '),
('skewers-fish','dimitri',' '),
('skewers-fish','dorothea','b'),
('skewers-fish','edelgard',' '),
('skewers-fish','felix','b'),
('skewers-fish','ferdinand',' '),
('skewers-fish','flayn',' '),
('skewers-fish','gilbert',' '),
('skewers-fish','hanneman','b'),
('skewers-fish','hilda',' '),
('skewers-fish','hubert','b'),
('skewers-fish','ignatz',' '),
('skewers-fish','ingrid','b'),
('skewers-fish','jeralt',' '),
('skewers-fish','leonie','b'),
('skewers-fish','linhardt','b'),
('skewers-fish','lorenz','b'),
('skewers-fish','lysithea','b'),
('skewers-fish','manuela','b'),
('skewers-fish','marianne',' '),
('skewers-fish','mercedes',' '),
('skewers-fish','petra','b'),
('skewers-fish','raphael',' '),
('skewers-fish','rhea',' '),
('skewers-fish','seteth',' '),
('skewers-fish','shamir',' '),
('skewers-fish','sothis',' '),
('skewers-fish','sylvain','b'),
('skewers-meet','alois',' '),
('skewers-meet','anna',' '),
('skewers-meet','annette',' '),
('skewers-meet','ashe',' '),
('skewers-meet','bernadetta','b'),
('skewers-meet','byleth',' '),
('skewers-meet','caspar','f'),
('skewers-meet','catherine','f'),
('skewers-meet','claude','f'),
('skewers-meet','cyril','f'),
('skewers-meet','dedue',' '),
('skewers-meet','dimitri',' '),
('skewers-meet','dorothea',' '),
('skewers-meet','edelgard','b'),
('skewers-meet','felix','f'),
('skewers-meet','ferdinand',' '),
('skewers-meet','flayn',' '),
('skewers-meet','gilbert','f'),
('skewers-meet','hanneman','b'),
('skewers-meet','hilda',' '),
('skewers-meet','hubert','b'),
('skewers-meet','ignatz',' '),
('skewers-meet','ingrid','f'),
('skewers-meet','jeralt',' '),
('skewers-meet','leonie','f'),
('skewers-meet','linhardt','b'),
('skewers-meet','lorenz','b'),
('skewers-meet','lysithea',' '),
('skewers-meet','manuela','f'),
('skewers-meet','marianne','b'),
('skewers-meet','mercedes','b'),
('skewers-meet','petra','f'),
('skewers-meet','raphael','f'),
('skewers-meet','rhea',' '),
('skewers-meet','seteth',' '),
('skewers-meet','shamir','f'),
('skewers-meet','sothis',' '),
('skewers-meet','sylvain',' '),
('skewers-rabbit','alois',' '),
('skewers-rabbit','anna','f'),
('skewers-rabbit','annette','b'),
('skewers-rabbit','ashe',' '),
('skewers-rabbit','bernadetta','b'),
('skewers-rabbit','byleth',' '),
('skewers-rabbit','caspar','f'),
('skewers-rabbit','catherine','f'),
('skewers-rabbit','claude','f'),
('skewers-rabbit','cyril','f'),
('skewers-rabbit','dedue',' '),
('skewers-rabbit','dimitri',' '),
('skewers-rabbit','dorothea',' '),
('skewers-rabbit','edelgard','b'),
('skewers-rabbit','felix','f'),
('skewers-rabbit','ferdinand',' '),
('skewers-rabbit','flayn',' '),
('skewers-rabbit','gilbert','f'),
('skewers-rabbit','hanneman','b'),
('skewers-rabbit','hilda',' '),
('skewers-rabbit','hubert','b'),
('skewers-rabbit','ignatz',' '),
('skewers-rabbit','ingrid','f'),
('skewers-rabbit','jeralt',' '),
('skewers-rabbit','leonie',' '),
('skewers-rabbit','linhardt','b'),
('skewers-rabbit','lorenz','b'),
('skewers-rabbit','lysithea','f'),
('skewers-rabbit','manuela','f'),
('skewers-rabbit','marianne','b'),
('skewers-rabbit','mercedes','b'),
('skewers-rabbit','petra','f'),
('skewers-rabbit','raphael','f'),
('skewers-rabbit','rhea',' '),
('skewers-rabbit','seteth',' '),
('skewers-rabbit','shamir','f'),
('skewers-rabbit','sothis',' '),
('skewers-rabbit','sylvain',' '),
('soup-fish-bean','alois','f'),
('soup-fish-bean','anna',' '),
('soup-fish-bean','annette','f'),
('soup-fish-bean','ashe','f'),
('soup-fish-bean','bernadetta',' '),
('soup-fish-bean','byleth',' '),
('soup-fish-bean','caspar','b'),
('soup-fish-bean','catherine',' '),
('soup-fish-bean','claude',' '),
('soup-fish-bean','cyril','f'),
('soup-fish-bean','dedue','f'),
('soup-fish-bean','dimitri',' '),
('soup-fish-bean','dorothea','b'),
('soup-fish-bean','edelgard','f'),
('soup-fish-bean','felix','b'),
('soup-fish-bean','ferdinand',' '),
('soup-fish-bean','flayn','f'),
('soup-fish-bean','gilbert',' '),
('soup-fish-bean','hanneman',' '),
('soup-fish-bean','hilda','f'),
('soup-fish-bean','hubert','b'),
('soup-fish-bean','ignatz','f'),
('soup-fish-bean','ingrid',' '),
('soup-fish-bean','jeralt',' '),
('soup-fish-bean','leonie','f'),
('soup-fish-bean','linhardt','f'),
('soup-fish-bean','lorenz','f'),
('soup-fish-bean','lysithea','b'),
('soup-fish-bean','manuela','f'),
('soup-fish-bean','marianne','f'),
('soup-fish-bean','mercedes','f'),
('soup-fish-bean','petra','b'),
('soup-fish-bean','raphael','f'),
('soup-fish-bean','rhea',' '),
('soup-fish-bean','seteth',' '),
('soup-fish-bean','shamir',' '),
('soup-fish-bean','sothis',' '),
('soup-fish-bean','sylvain','f'),
('soup-gratin-onion','alois','f'),
('soup-gratin-onion','anna',' '),
('soup-gratin-onion','annette','f'),
('soup-gratin-onion','ashe',' '),
('soup-gratin-onion','bernadetta',' '),
('soup-gratin-onion','byleth',' '),
('soup-gratin-onion','caspar','b'),
('soup-gratin-onion','catherine','f'),
('soup-gratin-onion','claude','f'),
('soup-gratin-onion','cyril','b'),
('soup-gratin-onion','dedue','f'),
('soup-gratin-onion','dimitri','f'),
('soup-gratin-onion','dorothea','f'),
('soup-gratin-onion','edelgard','f'),
('soup-gratin-onion','felix',' '),
('soup-gratin-onion','ferdinand','f'),
('soup-gratin-onion','flayn','f'),
('soup-gratin-onion','gilbert',' '),
('soup-gratin-onion','hanneman',' '),
('soup-gratin-onion','hilda',' '),
('soup-gratin-onion','hubert',' '),
('soup-gratin-onion','ignatz',' '),
('soup-gratin-onion','ingrid',' '),
('soup-gratin-onion','jeralt',' '),
('soup-gratin-onion','leonie','f'),
('soup-gratin-onion','linhardt','f'),
('soup-gratin-onion','lorenz','f'),
('soup-gratin-onion','lysithea','b'),
('soup-gratin-onion','manuela','b'),
('soup-gratin-onion','marianne','f'),
('soup-gratin-onion','mercedes','f'),
('soup-gratin-onion','petra','b'),
('soup-gratin-onion','raphael',' '),
('soup-gratin-onion','rhea',' '),
('soup-gratin-onion','seteth',' '),
('soup-gratin-onion','shamir','b'),
('soup-gratin-onion','sothis',' '),
('soup-gratin-onion','sylvain',' '),
('stew-cabbage','alois',' '),
('stew-cabbage','anna',' '),
('stew-cabbage','annette',' '),
('stew-cabbage','ashe',' '),
('stew-cabbage','bernadetta',' '),
('stew-cabbage','byleth',' '),
('stew-cabbage','caspar','b'),
('stew-cabbage','catherine','f'),
('stew-cabbage','claude','f'),
('stew-cabbage','cyril','b'),
('stew-cabbage','dedue',' '),
('stew-cabbage','dimitri',' '),
('stew-cabbage','dorothea',' '),
('stew-cabbage','edelgard',' '),
('stew-cabbage','felix',' '),
('stew-cabbage','ferdinand','b'),
('stew-cabbage','flayn','f'),
('stew-cabbage','gilbert','f'),
('stew-cabbage','hanneman','f'),
('stew-cabbage','hilda','b'),
('stew-cabbage','hubert','f'),
('stew-cabbage','ignatz','f'),
('stew-cabbage','ingrid','b'),
('stew-cabbage','jeralt',' '),
('stew-cabbage','leonie','f'),
('stew-cabbage','linhardt',' '),
('stew-cabbage','lorenz','f'),
('stew-cabbage','lysithea','b'),
('stew-cabbage','manuela','f'),
('stew-cabbage','marianne','f'),
('stew-cabbage','mercedes',' '),
('stew-cabbage','petra',' '),
('stew-cabbage','raphael',' '),
('stew-cabbage','rhea',' '),
('stew-cabbage','seteth',' '),
('stew-cabbage','shamir',' '),
('stew-cabbage','sothis',' '),
('stew-cabbage','sylvain',' '),
('stew-daphnel','alois',' '),
('stew-daphnel','anna','b'),
('stew-daphnel','annette',' '),
('stew-daphnel','ashe',' '),
('stew-daphnel','bernadetta',' '),
('stew-daphnel','byleth',' '),
('stew-daphnel','caspar','f'),
('stew-daphnel','catherine',' '),
('stew-daphnel','claude','f'),
('stew-daphnel','cyril','f'),
('stew-daphnel','dedue','f'),
('stew-daphnel','dimitri',' '),
('stew-daphnel','dorothea',' '),
('stew-daphnel','edelgard',' '),
('stew-daphnel','felix','f'),
('stew-daphnel','ferdinand','f'),
('stew-daphnel','flayn',' '),
('stew-daphnel','gilbert',' '),
('stew-daphnel','hanneman',' '),
('stew-daphnel','hilda',' '),
('stew-daphnel','hubert','b'),
('stew-daphnel','ignatz',' '),
('stew-daphnel','ingrid','f'),
('stew-daphnel','jeralt',' '),
('stew-daphnel','leonie','f'),
('stew-daphnel','linhardt','f'),
('stew-daphnel','lorenz','f'),
('stew-daphnel','lysithea',' '),
('stew-daphnel','manuela','f'),
('stew-daphnel','marianne',' '),
('stew-daphnel','mercedes','b'),
('stew-daphnel','petra','f'),
('stew-daphnel','raphael','f'),
('stew-daphnel','rhea',' '),
('stew-daphnel','seteth','f'),
('stew-daphnel','shamir','f'),
('stew-daphnel','sothis',' '),
('stew-daphnel','sylvain',' '),
('stew-turnip','alois','b'),
('stew-turnip','anna','f'),
('stew-turnip','annette','f'),
('stew-turnip','ashe','f'),
('stew-turnip','bernadetta','b'),
('stew-turnip','byleth',' '),
('stew-turnip','caspar','b'),
('stew-turnip','catherine',' '),
('stew-turnip','claude',' '),
('stew-turnip','cyril',' '),
('stew-turnip','dedue','f'),
('stew-turnip','dimitri',' '),
('stew-turnip','dorothea','b'),
('stew-turnip','edelgard',' '),
('stew-turnip','felix','f'),
('stew-turnip','ferdinand',' '),
('stew-turnip','flayn',' '),
('stew-turnip','gilbert','f'),
('stew-turnip','hanneman','b'),
('stew-turnip','hilda',' '),
('stew-turnip','hubert','f'),
('stew-turnip','ignatz','b'),
('stew-turnip','ingrid','f'),
('stew-turnip','jeralt',' '),
('stew-turnip','leonie','f'),
('stew-turnip','linhardt','b'),
('stew-turnip','lorenz','b'),
('stew-turnip','lysithea','b'),
('stew-turnip','manuela','f'),
('stew-turnip','marianne',' '),
('stew-turnip','mercedes','b'),
('stew-turnip','petra','f'),
('stew-turnip','raphael',' '),
('stew-turnip','rhea',' '),
('stew-turnip','seteth','f'),
('stew-turnip','shamir',' '),
('stew-turnip','sothis',' '),
('stew-turnip','sylvain','f'),
('stew-verona','alois',' '),
('stew-verona','anna',' '),
('stew-verona','annette',' '),
('stew-verona','ashe','b'),
('stew-verona','bernadetta','f'),
('stew-verona','byleth',' '),
('stew-verona','caspar','b'),
('stew-verona','catherine','f'),
('stew-verona','claude','f'),
('stew-verona','cyril','b'),
('stew-verona','dedue',' '),
('stew-verona','dimitri','f'),
('stew-verona','dorothea',' '),
('stew-verona','edelgard',' '),
('stew-verona','felix',' '),
('stew-verona','ferdinand','b'),
('stew-verona','flayn','f'),
('stew-verona','gilbert','f'),
('stew-verona','hanneman','f'),
('stew-verona','hilda','f'),
('stew-verona','hubert','f'),
('stew-verona','ignatz',' '),
('stew-verona','ingrid',' '),
('stew-verona','jeralt',' '),
('stew-verona','leonie','f'),
('stew-verona','linhardt',' '),
('stew-verona','lorenz',' '),
('stew-verona','lysithea','b'),
('stew-verona','manuela','b'),
('stew-verona','marianne','f'),
('stew-verona','mercedes',' '),
('stew-verona','petra','f'),
('stew-verona','raphael','f'),
('stew-verona','rhea',' '),
('stew-verona','seteth','f'),
('stew-verona','shamir',' '),
('stew-verona','sothis',' '),
('stew-verona','sylvain','f'),
('stir-fry','alois','b'),
('stir-fry','anna','b'),
('stir-fry','annette','f'),
('stir-fry','ashe',' '),
('stir-fry','bernadetta','f'),
('stir-fry','byleth',' '),
('stir-fry','caspar','f'),
('stir-fry','catherine',' '),
('stir-fry','claude','f'),
('stir-fry','cyril','f'),
('stir-fry','dedue','f'),
('stir-fry','dimitri',' '),
('stir-fry','dorothea','f'),
('stir-fry','edelgard','f'),
('stir-fry','felix','b'),
('stir-fry','ferdinand','f'),
('stir-fry','flayn','b'),
('stir-fry','gilbert','f'),
('stir-fry','hanneman','b'),
('stir-fry','hilda',' '),
('stir-fry','hubert',' '),
('stir-fry','ignatz','f'),
('stir-fry','ingrid',' '),
('stir-fry','jeralt',' '),
('stir-fry','leonie','f'),
('stir-fry','linhardt','b'),
('stir-fry','lorenz',' '),
('stir-fry','lysithea','b'),
('stir-fry','manuela','f'),
('stir-fry','marianne','f'),
('stir-fry','mercedes',' '),
('stir-fry','petra','f'),
('stir-fry','raphael','b'),
('stir-fry','rhea',' '),
('stir-fry','seteth',' '),
('stir-fry','shamir','f'),
('stir-fry','sothis',' '),
('stir-fry','sylvain',' '),
('tart-herring','alois','f'),
('tart-herring','anna','b'),
('tart-herring','annette','f'),
('tart-herring','ashe',' '),
('tart-herring','bernadetta','f'),
('tart-herring','byleth',' '),
('tart-herring','caspar','b'),
('tart-herring','catherine','f'),
('tart-herring','claude',' '),
('tart-herring','cyril',' '),
('tart-herring','dedue','f'),
('tart-herring','dimitri',' '),
('tart-herring','dorothea','b'),
('tart-herring','edelgard',' '),
('tart-herring','felix',' '),
('tart-herring','ferdinand','f'),
('tart-herring','flayn','f'),
('tart-herring','gilbert',' '),
('tart-herring','hanneman',' '),
('tart-herring','hilda',' '),
('tart-herring','hubert',' '),
('tart-herring','ignatz','f'),
('tart-herring','ingrid','f'),
('tart-herring','jeralt',' '),
('tart-herring','leonie','f'),
('tart-herring','linhardt',' '),
('tart-herring','lorenz','f'),
('tart-herring','lysithea','b'),
('tart-herring','manuela',' '),
('tart-herring','marianne','f'),
('tart-herring','mercedes','f'),
('tart-herring','petra',' '),
('tart-herring','raphael',' '),
('tart-herring','rhea',' '),
('tart-herring','seteth','f'),
('tart-herring','shamir','b'),
('tart-herring','sothis',' '),
('tart-herring','sylvain','f'),
('teppanyaki','alois',' '),
('teppanyaki','anna','f'),
('teppanyaki','annette','b'),
('teppanyaki','ashe',' '),
('teppanyaki','bernadetta','b'),
('teppanyaki','byleth',' '),
('teppanyaki','caspar','f'),
('teppanyaki','catherine','f'),
('teppanyaki','claude','f'),
('teppanyaki','cyril','f'),
('teppanyaki','dedue',' '),
('teppanyaki','dimitri',' '),
('teppanyaki','dorothea',' '),
('teppanyaki','edelgard','b'),
('teppanyaki','felix','f'),
('teppanyaki','ferdinand',' '),
('teppanyaki','flayn',' '),
('teppanyaki','gilbert','f'),
('teppanyaki','hanneman','b'),
('teppanyaki','hilda',' '),
('teppanyaki','hubert','b'),
('teppanyaki','ignatz',' '),
('teppanyaki','ingrid','f'),
('teppanyaki','jeralt',' '),
('teppanyaki','leonie','f'),
('teppanyaki','linhardt','b'),
('teppanyaki','lorenz','b'),
('teppanyaki','lysithea',' '),
('teppanyaki','manuela','f'),
('teppanyaki','marianne','b'),
('teppanyaki','mercedes','b'),
('teppanyaki','petra','f'),
('teppanyaki','raphael','f'),
('teppanyaki','rhea',' '),
('teppanyaki','seteth',' '),
('teppanyaki','shamir','f'),
('teppanyaki','sothis',' '),
('teppanyaki','sylvain','b')
;

